datetime,open,high,low,close,volumn,openinterest
2018-01-04,50.9251,52.0887,50.7433,52.0796,405557.08,0.0
2018-01-05,52.3614,52.9069,51.5887,52.6887,371854.23,0.0
2018-01-08,52.4523,52.9978,51.5615,52.416,367884.8,0.0
2018-01-09,52.5432,54.4977,52.0342,54.0704,448054.13,0.0
2018-01-10,54.1704,55.7249,53.5432,55.0522,448966.88,0.0
2018-01-11,54.5522,55.3431,53.525,54.1977,316035.28,0.0
2018-01-12,54.1977,55.6158,53.9068,55.2704,252900.2,0.0
2018-01-15,55.7431,56.9612,55.4522,55.5976,367225.73,0.0
2018-01-16,55.4522,56.2067,54.6341,55.534,289365.28,0.0
2018-01-17,55.4522,55.4613,53.1341,53.4068,414037.03,0.0
2018-01-18,53.6341,54.3522,53.1796,53.5886,223781.55,0.0
2018-01-19,53.5886,53.7341,52.6341,52.8796,313878.69,0.0
2018-01-22,53.2523,55.9431,53.2523,55.8431,458501.48,0.0
2018-01-23,55.7976,56.943,54.7522,56.4703,386472.52,0.0
2018-01-24,56.7158,56.9521,54.725,54.9159,326126.54,0.0
2018-01-25,55.2704,55.834,53.6341,55.7249,282564.17,0.0
2018-01-26,55.7249,56.9885,55.0249,56.3613,333516.39,0.0
2018-01-29,56.334,56.5249,53.5432,54.425,467085.83,0.0
2018-01-30,54.0159,55.1613,53.1796,53.4159,309516.25,0.0
2018-01-31,53.025,54.9249,52.9069,54.3795,254072.43,0.0
2018-02-01,54.5431,54.6341,52.8523,53.9432,380031.98,0.0
2018-02-02,53.5886,54.625,53.0887,54.4522,224897.36,0.0
2018-02-05,53.5523,54.125,51.3615,52.1069,554639.01,0.0
2018-02-06,50.6342,50.7342,48.9252,50.4524,880342.48,0.0
2018-02-07,51.2706,51.4342,47.9162,47.9889,533538.62,0.0
2018-02-08,47.8162,49.4888,47.7343,48.8798,439782.28,0.0
2018-02-09,47.2253,47.6798,45.589,47.2525,603648.4,0.0
2018-02-12,47.2525,49.8888,47.2435,49.4706,374561.67,0.0
2018-02-13,50.0342,51.3615,49.707,50.2797,258920.44,0.0
2018-02-14,50.5524,51.9069,49.7434,51.7433,219574.39,0.0
2018-02-22,52.9978,53.1977,51.9978,52.8523,251527.19,0.0
2018-02-23,53.1341,53.1614,51.7251,52.316,180501.79,0.0
2018-02-26,52.3432,52.9887,51.816,52.4523,246266.25,0.0
2018-02-27,52.5341,52.5341,49.6161,49.6343,478853.16,0.0
2018-02-28,49.407,50.7251,48.8161,49.9524,318721.04,0.0
2018-03-01,49.9888,51.3524,49.8343,50.5433,237900.09,0.0
2018-03-02,49.8706,52.4341,49.7888,51.1069,364903.64,0.0
2018-03-05,51.0069,51.4069,50.4706,50.9251,204171.01,0.0
2018-03-06,51.3887,51.5342,49.907,51.0887,195030.43,0.0
2018-03-07,51.1433,51.9614,50.7524,51.1433,208925.02,0.0
2018-03-08,51.6978,53.8159,51.2706,53.7886,380518.89,0.0
2018-03-09,54.0613,54.8977,53.3887,54.4613,394729.38,0.0
2018-03-12,55.434,56.8521,54.8613,55.2068,461325.37,0.0
2018-03-13,55.1795,56.534,54.7795,55.5067,377823.89,0.0
2018-03-14,55.1795,56.0249,54.4977,54.9068,272072.16,0.0
2018-03-15,54.4522,56.2703,54.3613,55.8249,266963.01,0.0
2018-03-16,55.5431,55.8431,54.0886,54.2613,258105.03,0.0
2018-03-19,54.2613,54.7977,53.6341,54.1523,211597.83,0.0
2018-03-20,53.7341,54.2068,52.9978,53.9432,177637.64,0.0
2018-03-21,54.2068,54.5068,52.9796,52.9796,197251.69,0.0
2018-03-22,53.525,53.5432,51.2342,51.7251,329378.31,0.0
2018-03-23,49.7252,51.316,48.8434,51.1251,641627.14,0.0
2018-03-26,50.4524,50.8888,49.1797,50.2433,373098.49,0.0
2018-03-27,51.0615,51.2524,49.1888,49.6434,471063.61,0.0
2018-03-28,48.6252,49.0888,47.2798,48.2889,544504.12,0.0
2018-03-29,48.5616,50.7069,47.5434,50.2706,385947.2,0.0
2018-03-30,49.9979,50.3251,49.4161,49.5706,308814.66,0.0
2018-04-02,48.4525,49.9979,47.8889,48.0343,417151.5,0.0
2018-04-03,47.898,48.7525,47.4344,47.7434,311895.2,0.0
2018-04-04,48.0162,49.1797,47.3253,48.1889,371528.21,0.0
2018-04-09,48.098,48.4616,46.3617,46.6344,427970.42,0.0
2018-04-10,46.7707,47.998,46.5253,47.9707,354240.96,0.0
2018-04-11,47.9798,48.7525,47.6434,48.1616,467614.31,0.0
2018-04-12,48.098,48.1252,47.1253,47.1526,252074.52,0.0
2018-04-13,47.6343,47.698,46.3708,46.6526,240215.67,0.0
2018-04-16,46.6435,47.0889,44.6799,45.2617,444709.74,0.0
2018-04-17,45.2163,45.9526,44.1709,45.3526,313437.61,0.0
2018-04-18,45.9981,46.0253,43.5891,44.2981,416079.64,0.0
2018-04-19,44.8436,46.8798,44.5436,46.8798,433660.15,0.0
2018-04-20,47.0798,48.1798,46.3162,46.7253,430416.24,0.0
2018-04-23,47.1798,48.0707,46.3617,47.3162,289044.16,0.0
2018-04-24,47.6071,48.9707,47.6071,48.6798,373871.15,0.0
2018-04-25,48.5889,48.7798,47.1798,47.8343,363801.49,0.0
2018-04-26,46.9798,47.5707,46.2617,46.7253,331102.45,0.0
2018-04-27,47.6525,47.6525,45.9526,46.9798,403465.69,0.0
2018-05-02,46.5708,47.3707,45.8526,46.6798,306862.39,0.0
2018-05-03,46.498,48.407,46.2071,48.3616,307890.23,0.0
2018-05-04,48.4898,49.0292,47.3831,47.5226,302842.88,0.0
2018-05-07,47.7923,48.8339,47.3831,48.7316,290619.67,0.0
2018-05-08,48.7595,50.5636,48.7502,50.1265,422795.51,0.0
2018-05-09,49.7638,50.3125,49.7173,50.173,174054.05,0.0
2018-05-10,50.4985,50.8054,50.1265,50.5729,221495.33,0.0
2018-05-11,50.9635,51.0379,49.8103,49.987,170190.63,0.0
2018-05-14,50.2102,51.5494,50.0335,51.3727,323949.61,0.0
2018-05-15,51.6424,51.94,50.824,51.3541,282097.13,0.0
2018-05-16,51.0472,51.2611,50.2288,50.5915,243427.27,0.0
2018-05-17,50.4055,50.4985,49.3082,49.4012,228996.93,0.0
2018-05-18,49.5499,50.1916,48.7409,50.1172,244458.9,0.0
2018-05-21,50.5729,50.731,49.7638,50.173,179497.18,0.0
2018-05-22,50.1265,50.1265,48.3596,48.9455,351262.89,0.0
2018-05-23,48.8246,48.8246,48.1085,48.1736,221088.68,0.0
2018-05-24,48.1643,48.341,47.1041,47.3366,222461.15,0.0
2018-05-25,47.2436,47.8295,46.7786,47.0483,261596.3,0.0
2018-05-28,47.3366,48.5735,46.7786,48.3038,277886.43,0.0
2018-05-29,47.8946,48.5363,47.6714,47.8853,216606.95,0.0
2018-05-30,46.7321,47.8202,46.388,47.1599,269194.28,0.0
2018-05-31,47.4761,49.522,47.3366,49.2059,488366.76,0.0
2018-06-01,48.8246,49.178,48.3038,48.4991,244886.63,0.0
2018-06-04,49.1966,50.4985,49.0292,50.2102,487208.67,0.0
2018-06-05,50.9635,51.2425,49.9591,51.1216,413210.79,0.0
2018-06-06,51.4006,51.5587,50.6008,50.9077,260084.08,0.0
2018-06-07,51.2146,51.4378,50.266,50.4985,264889.57,0.0
2018-06-08,50.3404,51.3355,50.2381,50.8333,363711.21,0.0
2018-06-11,50.8333,52.684,50.7961,52.3771,581583.96,0.0
2018-06-12,52.3864,53.707,51.9772,53.1862,585180.81,0.0
2018-06-13,53.3722,53.986,52.8142,53.0002,360546.42,0.0
2018-06-14,53.1955,53.4094,51.5308,51.8749,354846.0,0.0
2018-06-15,52.0051,52.963,51.7075,52.3399,310752.41,0.0
2018-06-19,51.2425,52.0795,50.0149,50.7961,591142.47,0.0
2018-06-20,50.7961,51.8656,50.3683,51.2983,296507.4,0.0
2018-06-21,51.6145,52.126,50.4055,50.4241,307448.09,0.0
2018-06-22,49.9219,49.9219,48.6758,49.894,358578.36,0.0
2018-06-25,49.9405,50.3497,49.1594,49.1966,272065.65,0.0
2018-06-26,48.4061,49.2896,48.1364,48.6665,302757.01,0.0
2018-06-27,48.7502,49.3547,46.946,46.946,426516.2,0.0
2018-06-28,46.5461,47.6342,46.0439,46.5926,361035.79,0.0
2018-06-29,47.0576,48.7316,46.6019,48.5642,291304.09,0.0
2018-07-02,48.2759,48.2759,44.6396,45.272,571711.68,0.0
2018-07-03,45.2906,45.6626,42.203,44.4164,781290.39,0.0
2018-07-04,44.4164,44.5187,41.8496,41.9519,596231.06,0.0
2018-07-05,43.2353,43.9886,42.6308,42.8261,637796.43,0.0
2018-07-06,43.319,44.621,42.5936,44.0816,485874.99,0.0
2018-07-09,44.5373,45.6626,44.0816,45.6161,365841.56,0.0
2018-07-10,45.7556,45.8951,44.1095,45.1046,424378.01,0.0
2018-07-11,43.4399,44.3327,43.2167,43.8956,363145.78,0.0
2018-07-12,43.8491,45.1046,43.8026,44.4815,432000.92,0.0
2018-07-13,44.5466,44.8256,44.1746,44.4908,324004.3,0.0
2018-07-16,44.9093,45.4208,43.7654,44.063,334770.47,0.0
2018-07-17,44.0537,44.063,42.7982,43.2167,396087.62,0.0
2018-07-18,43.4306,43.8212,42.668,42.6866,342872.84,0.0
2018-07-19,43.0679,43.3376,42.5471,43.1051,253851.5,0.0
2018-07-20,43.0121,43.6166,42.0635,43.3097,500602.92,0.0
2018-07-23,43.133,43.3283,42.4913,43.319,357409.9,0.0
2018-07-24,43.7096,45.1604,43.7096,44.993,719360.95,0.0
2018-07-25,45.2348,45.2441,44.2211,44.342,396208.8,0.0
2018-07-26,44.4536,45.0674,44.3327,44.4908,437171.77,0.0
2018-07-27,44.7605,44.7605,43.8212,43.8863,272495.7,0.0
2018-07-30,44.0816,44.342,43.7096,44.1374,264605.52,0.0
2018-07-31,43.9421,44.4071,43.7189,44.2769,279849.83,0.0
2018-08-01,44.5466,44.7326,42.9656,43.04,322612.68,0.0
2018-08-02,42.8726,42.8726,40.808,40.994,660723.3,0.0
2018-08-03,40.9103,40.9196,38.5109,38.948,701016.44,0.0
2018-08-06,39.0689,39.9617,38.8736,39.3386,506085.98,0.0
2018-08-07,39.9338,41.6078,39.5246,41.5334,498708.44,0.0
2018-08-08,41.7473,41.7473,40.8452,41.0591,438697.19,0.0
2018-08-09,40.9754,42.6029,40.4546,41.9798,360492.34,0.0
2018-08-10,41.8496,42.5285,41.6357,41.831,280014.15,0.0
2018-08-13,41.4776,41.7101,40.7336,41.4683,225568.73,0.0
2018-08-14,41.5427,41.5427,40.4081,40.5941,289261.76,0.0
2018-08-15,40.5383,40.5383,38.9573,39.0782,414659.49,0.0
2018-08-16,38.2878,39.8966,38.1948,39.3572,322171.05,0.0
2018-08-17,39.6548,39.9152,38.1483,38.2413,315827.29,0.0
2018-08-20,38.2413,38.7806,37.674,38.7806,299793.63,0.0
2018-08-21,39.0596,39.8408,38.6597,39.5804,372067.02,0.0
2018-08-22,39.3386,39.5246,38.6039,38.7899,214734.36,0.0
2018-08-23,38.5016,39.1061,37.7484,38.3343,337595.46,0.0
2018-08-24,38.1297,38.8457,37.9995,38.483,230574.95,0.0
2018-08-27,38.9201,39.9524,38.7806,39.9059,380328.13,0.0
2018-08-28,40.157,40.8266,39.9059,40.2779,331742.35,0.0
2018-08-29,39.9896,40.2314,39.2921,39.5339,240468.61,0.0
2018-08-30,39.4688,39.8873,38.8178,38.8736,259554.51,0.0
2018-08-31,38.8736,38.8922,37.7577,38.6876,391383.83,0.0
2018-09-03,38.5853,38.9201,38.0274,38.8085,222964.25,0.0
2018-09-04,39.0596,39.506,38.2692,39.32,244930.0,0.0
2018-09-05,38.9294,39.0596,38.1297,38.1297,236704.45,0.0
2018-09-06,37.9902,38.5202,37.4508,37.5159,263660.32,0.0
2018-09-07,37.7112,38.3157,37.1625,37.4787,203971.64,0.0
2018-10-29,34.5027,35.2281,33.7308,33.7308,981222.44,0.0
2018-10-30,31.7127,34.1958,31.7127,33.7866,655908.11,0.0
2018-10-31,33.3495,34.4841,33.0705,34.4469,478648.88,0.0
2018-11-01,35.2095,36.5673,35.1537,35.9163,497782.81,0.0
2018-11-02,38.046,38.6876,37.1904,38.1111,746070.86,0.0
2018-11-05,37.953,38.4645,37.7856,38.3901,341637.76,0.0
2018-11-06,37.9437,38.2227,37.1439,37.3671,334237.66,0.0
2018-11-07,37.3671,38.3901,36.9393,37.9251,348613.19,0.0
2018-11-08,38.3994,38.5295,37.6647,37.7856,264456.52,0.0
2018-11-09,37.395,37.674,36.9207,36.9858,240564.23,0.0
2018-11-12,36.9858,37.488,36.279,37.3299,213280.24,0.0
2018-11-13,36.7347,38.5109,36.5487,38.4087,339184.05,0.0
2018-11-14,38.4552,38.4738,37.8972,37.9902,181787.84,0.0
2018-11-15,37.7577,38.3529,37.674,38.232,172245.35,0.0
2018-11-16,38.232,39.5618,38.0367,39.0596,303139.27,0.0
2018-11-19,38.9666,39.5246,38.3622,39.3386,207206.84,0.0
2018-11-20,38.9666,39.3014,37.4787,37.9437,277524.47,0.0
2018-11-21,37.2927,38.2041,37.2555,37.4973,232200.91,0.0
2018-11-22,37.9065,38.0925,37.2927,37.7856,182187.2,0.0
2018-11-23,37.581,38.1483,37.023,37.0881,220764.81,0.0
2018-11-26,36.8277,37.4415,36.7347,37.2183,136401.94,0.0
2018-11-27,37.2927,37.6461,36.5952,36.8835,163032.85,0.0
2018-11-28,36.5022,37.4601,36.5022,37.2183,150968.83,0.0
2018-11-29,37.4787,37.5438,36.0186,36.0837,249550.2,0.0
2018-11-30,36.1767,36.3255,35.6001,35.9814,216093.33,0.0
2018-12-03,37.1997,38.1297,36.9486,37.9716,526391.84,0.0
2018-12-04,37.4136,37.9251,37.4136,37.7019,213906.19,0.0
2018-12-05,37.1997,37.4787,37.023,37.1997,191928.21,0.0
2018-12-06,36.465,36.9393,36.1581,36.2325,212691.18,0.0
2018-12-07,36.279,36.4464,35.5722,35.7861,226660.47,0.0
2018-12-10,35.3397,35.4792,34.14,34.4655,346568.26,0.0
2018-12-11,34.2702,34.6515,33.9075,34.4469,270876.98,0.0
2018-12-12,34.8468,35.349,34.5585,35.0979,262125.18,0.0
2018-12-13,35.3397,37.5252,35.2374,37.3113,738130.55,0.0
2018-12-14,37.0137,37.395,36.7347,36.9672,324829.23,0.0
2018-12-17,37.1718,37.3578,36.3255,36.6975,302754.97,0.0
2018-12-18,36.4092,36.7533,35.8233,36.093,328061.07,0.0
2018-12-19,36.093,36.4371,35.4327,35.5722,183879.8,0.0
2018-12-20,35.5071,35.9814,35.2374,35.6466,208582.19,0.0
2018-12-21,35.4234,35.5722,34.6887,35.2653,258449.48,0.0
2018-12-24,34.8096,35.1444,34.4283,35.0979,164642.1,0.0
2018-12-25,34.4283,35.1072,34.1307,34.7631,192712.55,0.0
2018-12-26,34.7817,35.2467,34.3167,34.5306,150947.26,0.0
2018-12-27,35.256,35.3955,34.2237,34.2237,230747.45,0.0
2018-12-28,34.1772,34.7817,33.768,34.2795,211676.03,0.0
2019-01-02,34.5957,34.7631,33.7587,33.8889,208624.11,0.0
2019-01-03,33.7215,34.2516,33.4797,33.6657,143233.43,0.0
2019-01-04,33.4704,34.4748,33.2937,34.4004,277118.32,0.0
2019-01-07,35.0235,35.0235,34.0935,34.4004,252996.57,0.0
2019-01-08,34.4562,34.5957,34.1121,34.2795,134698.06,0.0
2019-01-09,35.5722,36.7347,35.1723,36.2697,825858.5,0.0
2019-01-10,36.1395,36.9951,35.8977,36.5394,355955.56,0.0
2019-01-11,36.7347,37.1532,36.1302,37.0509,278139.44,0.0
2019-01-14,37.116,37.5345,36.5673,36.6882,187160.51,0.0
2019-01-15,36.7347,38.1483,36.5766,38.1297,402190.32,0.0
2019-01-16,38.1297,38.5574,37.7763,38.3157,286234.03,0.0
2019-01-17,38.3157,38.7806,38.0181,38.046,259740.48,0.0
2019-01-18,38.5481,39.1526,38.1669,39.134,384427.99,0.0
2019-01-21,39.2456,39.8036,38.6876,39.1433,294115.93,0.0
2019-01-22,39.1526,39.3479,38.1483,38.4087,244682.18,0.0
2019-01-23,38.1204,39.1061,38.1204,38.5574,192273.08,0.0
2019-01-24,38.8736,39.1433,38.325,38.6783,219562.86,0.0
2019-01-25,38.8085,39.1526,37.8507,38.9666,267548.15,0.0
2019-01-28,39.227,39.9896,38.8736,38.9108,342212.68,0.0
2019-01-29,38.9108,39.9896,38.5574,39.9896,369691.52,0.0
2019-01-30,39.7943,39.8966,39.1526,39.1526,292191.42,0.0
2019-01-31,39.878,40.5476,39.4781,40.4825,389215.36,0.0
2019-02-01,41.2451,41.3846,40.4825,41.1614,312203.21,0.0
2019-02-11,40.8824,43.0772,40.8266,42.854,349054.04,0.0
2019-02-12,42.7796,43.6166,42.4541,43.2353,302894.03,0.0
2019-02-13,43.4678,43.9235,42.6866,43.5236,324142.74,0.0
2019-02-14,43.6166,43.9979,43.2446,43.8491,229213.97,0.0
2019-02-15,43.4771,43.4771,41.8496,42.1007,465359.59,0.0
2019-02-18,42.5936,43.2074,42.3611,43.1516,325702.18,0.0
2019-02-19,43.226,44.0258,42.4169,42.854,280758.64,0.0
2019-02-21,43.2446,44.1002,42.4448,42.6494,414422.75,0.0
2019-02-22,42.6866,42.6866,41.2451,42.4169,388824.85,0.0
2019-02-25,44.1746,45.9323,43.4213,45.7277,728522.67,0.0
2019-02-26,44.9651,45.2906,44.0351,44.0444,490517.49,0.0
2019-02-27,43.8491,44.8349,43.8491,44.3048,318705.18,0.0
2019-02-28,44.3141,44.807,44.1281,44.435,253242.78,0.0
2019-03-01,44.7326,45.2627,44.5187,45.1697,358400.55,0.0
2019-03-04,45.6719,46.6856,45.1976,45.5324,542643.68,0.0
2019-03-05,45.9602,46.0346,45.2999,45.5696,309242.55,0.0
2019-03-06,45.923,46.202,45.2906,45.6626,316523.73,0.0
2019-03-07,45.5696,45.5696,43.877,44.2304,511626.79,0.0
2019-03-08,43.3934,43.9235,42.5006,42.5936,463009.1,0.0
2019-03-11,42.6401,43.412,42.6401,43.319,290560.58,0.0
2019-03-12,44.0816,44.2862,42.5564,42.9284,411678.37,0.0
2019-03-13,42.947,43.3748,42.3425,42.9935,348805.45,0.0
2019-03-14,42.9656,43.8677,42.9191,43.1609,344231.23,0.0
2019-03-15,43.9886,45.179,43.5608,44.5745,672362.36,0.0
2019-03-18,44.1746,46.0346,43.9886,45.8672,514991.92,0.0
2019-03-19,46.0625,46.2857,45.272,45.8021,297019.16,0.0
2019-03-20,45.8021,45.9881,44.993,45.4766,291751.55,0.0
2019-03-21,45.2441,45.3836,44.714,44.8628,258325.81,0.0
2019-03-22,44.9186,45.4022,44.3699,45.1976,227080.07,0.0
2019-03-25,44.342,44.8256,43.3004,43.4213,326855.57,0.0
2019-03-26,43.8026,43.8026,42.6959,43.3097,224423.61,0.0
2019-03-27,43.691,44.4536,43.3283,44.2397,227522.74,0.0
2019-03-28,44.249,44.3978,43.5329,43.8398,202357.93,0.0
2019-03-29,43.7189,45.458,43.7189,45.3185,439463.65,0.0
2019-04-01,45.8486,49.8196,45.8021,49.2245,974588.63,0.0
2019-04-02,49.2245,49.6243,48.1085,48.2666,556776.16,0.0
2019-04-03,47.8574,48.8804,47.8481,48.5456,378812.97,0.0
2019-04-04,48.5456,50.2009,48.5363,49.894,537245.12,0.0
2019-04-08,49.894,51.7633,49.4755,50.3869,522005.36,0.0
2019-04-09,51.6238,52.405,50.4055,51.1588,414112.08,0.0
2019-04-10,50.8705,51.6796,49.894,50.8891,398699.43,0.0
2019-04-11,50.8891,50.917,48.6479,48.7688,515525.45,0.0
2019-04-12,48.2201,48.7595,46.9367,47.6993,469635.65,0.0
2019-04-15,48.4061,49.5685,47.8946,47.8946,401187.07,0.0
2019-04-16,47.4296,49.178,47.1041,49.178,312127.63,0.0
2019-04-17,49.4105,49.8382,48.3317,49.2896,361870.13,0.0
2019-04-18,49.7824,50.5264,49.3826,49.6801,265874.94,0.0
2019-04-19,49.615,51.847,49.0106,51.2239,370995.42,0.0
2019-04-22,51.1402,51.1402,48.5456,49.0943,415167.88,0.0
2019-04-23,48.5456,49.1501,47.9597,48.6107,360135.07,0.0
2019-04-24,48.8246,49.1315,47.9411,48.9176,289059.02,0.0
2019-04-25,48.6386,48.6386,47.69,47.8109,256795.35,0.0
2019-04-26,47.4017,47.7644,45.8114,45.9137,459293.76,0.0
2019-04-29,45.9137,48.341,45.9044,47.7179,447562.87,0.0
2019-04-30,47.8016,49.7545,47.8016,48.7316,459879.52,0.0
2019-05-06,46.4066,47.4668,45.5696,45.6347,663234.95,0.0
2019-05-07,46.7786,47.8853,46.4066,47.1971,717852.25,0.0
2019-05-22,47.9039,49.4941,47.4296,47.8109,803694.14,0.0
2019-05-23,47.1506,47.2436,45.9416,46.0439,421149.99,0.0
2019-05-24,45.83,46.76,45.5789,46.3322,299406.65,0.0
2019-05-27,46.3322,46.574,45.458,46.2671,284807.86,0.0
2019-05-28,46.2857,47.6342,46.2857,46.9739,349889.36,0.0
2019-05-29,46.5461,47.3552,46.3601,46.853,218493.8,0.0
2019-05-30,47.125,47.459,46.2945,47.2013,323329.55,0.0
2019-05-31,46.7718,47.8695,46.7241,47.3445,241077.66,0.0
2019-06-03,47.5259,48.6713,47.4877,47.8409,228010.1,0.0
2019-06-04,47.8504,48.2895,46.9722,47.44,163447.31,0.0
2019-06-05,48.1272,48.2418,47.0104,47.2586,229796.19,0.0
2019-06-06,47.8218,47.8218,46.6477,46.8863,185739.24,0.0
2019-06-10,47.3063,47.7263,47.0963,47.4972,243810.43,0.0
2019-06-11,47.4304,49.4826,47.3445,49.1295,374274.17,0.0
2019-06-12,49.0054,49.2726,48.5186,49.1676,212636.83,0.0
2019-06-13,49.3395,49.3395,47.9268,48.7095,201816.18,0.0
2019-06-14,48.9481,49.5399,48.2513,48.2704,135928.96,0.0
2019-06-17,48.5567,48.9195,48.0986,48.4804,132745.03,0.0
2019-06-18,48.4518,48.9672,48.2036,48.5949,120218.79,0.0
2019-06-19,50.1126,50.5613,49.6449,49.6449,263453.55,0.0
2019-06-20,49.979,51.4967,49.7404,50.8667,448437.5,0.0
2019-06-21,50.4085,51.134,49.4731,49.7404,622819.87,0.0
2019-06-24,49.4731,50.2272,49.0626,49.8072,376972.02,0.0
2019-06-25,49.6354,49.8072,48.6808,49.1008,330480.49,0.0
2019-06-26,49.1676,49.4731,48.9863,49.1676,202548.83,0.0
2019-06-27,49.349,49.9026,49.0149,49.4158,345209.88,0.0
2019-06-28,49.3395,49.8167,49.0626,49.5017,169576.48,0.0
2019-07-01,50.5613,51.974,50.3608,51.6303,611630.12,0.0
2019-07-02,51.2199,52.5944,51.1244,52.3176,500486.15,0.0
2019-07-03,52.7089,52.8044,51.239,51.6303,354335.51,0.0
2019-07-04,51.974,52.5944,51.5444,51.9262,325226.51,0.0
2019-07-05,51.8976,52.9762,51.1244,52.7567,387085.18,0.0
2019-07-08,52.2317,52.5467,51.554,51.9167,305690.91,0.0
2019-07-09,51.8308,52.0026,50.9335,51.3917,255432.96,0.0
2019-07-10,51.8308,51.8308,51.0481,51.449,145525.91,0.0
2019-07-11,51.5635,52.7567,51.4681,51.9167,243811.95,0.0
2019-07-12,51.974,52.6421,51.7162,52.2889,198068.29,0.0
2019-07-15,52.0312,52.7853,51.239,52.1839,242962.57,0.0
2019-07-16,52.308,52.3558,50.6949,51.0862,260092.23,0.0
2019-07-17,50.9049,51.0385,50.1317,50.3226,226489.83,0.0
2019-07-18,50.1126,50.5135,49.6545,50.294,178857.12,0.0
2019-07-19,50.9622,50.9622,50.1031,50.1985,208173.64,0.0
2019-07-22,50.3035,50.7808,49.6354,50.399,191810.22,0.0
2019-07-23,50.399,50.7999,50.3131,50.7808,142462.98,0.0
2019-07-24,51.1531,51.449,50.8762,50.9526,177386.32,0.0
2019-07-25,50.9526,51.2008,50.6281,51.0194,169263.46,0.0
2019-07-26,50.6853,51.1626,50.609,51.0003,128943.64,0.0
2019-07-29,51.2008,51.9071,50.9812,51.554,227422.28,0.0
2019-07-30,51.8117,52.8617,51.783,52.6898,348704.8,0.0
2019-07-31,52.623,53.1289,52.079,52.2126,198317.2,0.0
2019-08-01,51.9167,52.4799,50.7331,51.1626,241273.03,0.0
2019-08-02,49.1581,50.5899,48.7286,50.3513,341763.95,0.0
2019-08-05,49.2822,50.2558,49.1772,49.2536,287862.76,0.0
2019-08-06,48.3086,49.2345,47.0772,49.1676,341739.28,0.0
2019-08-07,49.4063,49.5208,48.7095,48.7095,145317.51,0.0
2019-08-08,48.9004,49.6354,48.8717,49.4445,131923.93,0.0
2019-08-09,49.7308,49.9694,48.6904,48.8908,149813.29,0.0
2019-08-12,48.6808,49.3299,48.2131,48.9195,194251.89,0.0
2019-08-13,48.7286,49.3108,47.774,48.0318,264441.42,0.0
2019-08-14,48.7667,48.8717,47.7836,47.8886,223878.4,0.0
2019-08-15,47.0581,47.8313,46.3995,47.6881,268173.41,0.0
2019-08-16,47.7263,48.3468,47.335,48.0318,202213.93,0.0
2019-08-19,48.4899,49.3967,48.2513,49.2249,231819.02,0.0
2019-08-20,49.2249,49.5113,48.8527,49.1199,150967.27,0.0
2019-08-21,48.8717,49.6831,48.6999,49.3395,210180.22,0.0
2019-08-22,49.5399,49.9504,49.034,49.4731,189288.94,0.0
2019-08-23,49.7785,50.2558,49.3299,49.874,217677.89,0.0
2019-08-26,48.8622,49.1676,48.3277,48.719,275970.47,0.0
2019-08-27,49.1581,50.0076,48.9767,49.6831,271391.38,0.0
2019-08-28,49.6545,50.0649,49.3013,49.8454,214675.33,0.0
2019-08-29,49.7785,50.1126,49.2536,49.5685,208600.63,0.0
2019-08-30,50.2081,50.9717,49.7308,50.3799,278271.87,0.0
2019-09-02,51.2581,52.2603,51.0767,51.764,515614.73,0.0
2019-09-03,52.2889,52.4894,51.6208,51.8403,307408.97,0.0
2019-09-04,51.783,52.2889,51.1626,51.974,317524.82,0.0
2019-09-05,52.3844,52.4703,51.3821,51.449,302361.92,0.0
2019-09-06,51.6399,51.9071,51.0385,51.7449,248580.28,0.0
2019-09-09,52.203,52.3939,51.3726,51.6494,290736.11,0.0
2019-09-10,51.5444,51.6208,50.7808,51.3917,235866.08,0.0
2019-09-11,51.5444,51.9262,50.7331,50.9717,196083.5,0.0
2019-09-12,51.4299,51.8308,51.0862,51.6399,213001.22,0.0
2019-09-16,51.9262,51.9358,50.924,51.0385,236809.67,0.0
2019-09-17,50.8285,51.029,50.3417,50.5899,206922.73,0.0
2019-09-18,50.8476,50.8476,50.1794,50.3131,225071.22,0.0
2019-09-19,50.6758,51.0099,50.189,50.4372,204971.04,0.0
2019-09-20,50.7044,50.7808,49.7308,50.3035,275464.35,0.0
2019-09-23,50.2463,50.2463,49.3395,49.7117,206872.51,0.0
2019-09-24,49.6735,50.0649,49.2154,49.7022,207246.43,0.0
2019-09-25,49.6354,49.6354,48.6904,48.7572,292973.98,0.0
2019-09-26,48.8622,49.1295,48.2036,48.6808,245434.7,0.0
2019-09-27,48.6808,49.0531,48.3563,48.9863,199732.77,0.0
2019-09-30,48.7763,49.4254,48.5949,48.7763,163708.44,0.0
2019-10-08,49.0626,50.4085,48.9195,50.2558,422485.8,0.0
2019-10-09,49.8645,50.2558,49.5495,50.1126,188488.68,0.0
2019-10-10,50.0935,50.0935,49.4158,49.8072,171209.46,0.0
2019-10-11,50.0458,50.6376,49.7404,50.5135,218165.88,0.0
2019-10-14,50.9049,51.3726,50.6853,51.0194,264697.17,0.0
2019-10-15,51.3058,51.4871,50.7522,51.0385,167607.05,0.0
2019-10-16,51.3249,51.7353,51.029,51.2199,206093.23,0.0
2019-10-17,51.5731,51.5731,50.5517,50.7999,184568.47,0.0
2019-10-18,51.134,51.5158,50.0649,50.2558,181279.71,0.0
2019-10-21,50.3035,51.2103,50.3035,51.0481,181512.73,0.0
2019-10-22,51.3344,51.6971,51.0672,51.4871,187410.17,0.0
2019-10-23,51.1435,51.6399,51.0672,51.2867,131210.83,0.0
2019-10-24,51.3917,51.449,50.8381,51.3058,139076.67,0.0
2019-10-25,51.5253,51.5253,50.3799,51.3535,182031.57,0.0
2019-10-28,51.5444,51.659,50.9431,51.1531,193377.87,0.0
2019-10-29,51.4967,51.993,51.2581,51.5444,229410.3,0.0
2019-10-30,51.239,51.5444,50.6472,51.0385,160286.42,0.0
2019-10-31,52.4989,53.4439,52.0599,52.9762,627930.45,0.0
2019-11-01,53.2626,56.7943,53.0717,56.212,745651.85,0.0
2019-11-04,56.842,57.2716,56.0402,56.4507,384285.16,0.0
2019-11-05,56.7848,57.3479,56.1071,56.6893,343451.06,0.0
2019-11-06,57.052,57.5579,56.5748,57.1188,264351.43,0.0
2019-11-07,56.9852,56.9852,56.1166,56.7943,203387.33,0.0
2019-11-08,58.0161,58.0352,56.632,56.9089,310046.91,0.0
2019-11-11,55.983,56.0402,54.408,54.5989,435711.85,0.0
2019-11-12,54.1216,54.5034,53.2148,53.5394,361575.75,0.0
2019-11-13,54.2935,54.3221,53.5585,53.9785,228964.6,0.0
2019-11-14,54.2935,54.3889,53.0812,54.0166,209790.39,0.0
2019-11-15,54.1407,54.408,53.7971,53.9785,141966.74,0.0
2019-11-18,53.9785,54.3889,53.2626,54.1121,180037.95,0.0
2019-11-19,54.0071,55.3434,53.8353,55.2003,252679.43,0.0
2019-11-20,55.3625,55.3721,54.513,54.5512,139823.7,0.0
2019-11-21,54.408,54.6466,53.2148,53.6444,198835.07,0.0
2019-11-22,53.9021,54.5989,52.938,53.1957,206826.8,0.0
2019-11-25,53.1957,53.9689,52.518,53.9594,180129.2,0.0
2019-11-26,54.6944,54.7421,53.5871,53.988,187705.69,0.0
2019-11-27,52.9094,53.0621,52.1839,52.623,290810.51,0.0
2019-11-28,53.2053,53.2053,52.2699,52.6612,203120.2,0.0
2019-11-29,52.6039,52.6326,51.239,51.8308,253826.52,0.0
2019-12-02,52.098,52.5848,51.8499,52.2603,180987.47,0.0
2019-12-03,52.2699,52.5276,51.6303,52.0503,208875.82,0.0
2019-12-04,51.8212,52.8712,51.5444,52.8426,273804.72,0.0
2019-12-05,53.3103,53.3294,52.6039,53.0048,205044.44,0.0
2019-12-06,53.1098,54.1598,53.0048,53.6444,237935.93,0.0
2019-12-09,54.0262,54.8853,53.6253,54.2266,208514.91,0.0
2019-12-10,54.1407,55.248,54.1216,55.0284,207176.66,0.0
2019-12-11,55.0475,55.1525,54.2171,54.4653,139654.64,0.0
2019-12-12,54.9139,55.0475,54.2171,54.3316,127084.31,0.0
2019-12-13,55.3625,55.8398,54.9521,55.7443,284443.25,0.0
2019-12-16,55.458,55.6775,55.1716,55.4675,216487.48,0.0
2019-12-17,55.4675,56.2693,55.1143,55.8398,255847.12,0.0
2019-12-18,56.1261,56.6034,55.2766,55.5534,236488.27,0.0
2019-12-19,55.3625,55.8398,55.2289,55.4389,134763.77,0.0
2019-12-20,55.6966,55.9352,55.1716,55.1716,181366.22,0.0
2019-12-23,55.668,55.668,54.3889,54.6657,240867.44,0.0
2019-12-24,54.6848,54.8853,54.198,54.4844,173345.35,0.0
2019-12-25,54.5989,55.1239,54.408,54.5989,162257.38,0.0
2019-12-26,54.7898,55.1048,54.5607,54.9807,142619.92,0.0
2019-12-27,55.1716,55.4866,54.5607,54.5989,181588.31,0.0
2019-12-30,54.408,55.9352,54.0739,55.5821,238028.63,0.0
2019-12-31,55.5248,55.7443,55.2766,55.6012,159793.55,0.0
2020-01-02,55.9925,57.1666,55.7539,57.0329,346225.57,0.0
2020-01-03,57.1761,57.2334,55.5343,55.6107,270042.55,0.0
2020-01-06,55.1716,55.5534,53.4535,54.5989,288425.33,0.0
2020-01-07,54.7898,55.563,54.5989,55.4102,225265.07,0.0
2020-01-08,54.8948,56.298,54.7612,55.6298,253210.48,0.0
2020-01-09,56.1261,57.0139,55.8398,56.7466,296353.95,0.0
2020-01-10,57.2429,57.7393,56.7466,57.262,280706.12,0.0
2020-01-13,57.7488,57.9016,56.7943,57.3766,279511.67,0.0
2020-01-14,57.7488,58.0352,57.0043,57.157,162500.35,0.0
2020-01-15,57.1761,57.2716,56.2025,56.7943,214899.73,0.0
2020-01-16,57.2716,57.3288,56.5366,56.947,199813.98,0.0
2020-01-17,57.262,58.2261,56.7848,57.5675,217132.78,0.0
2020-01-20,58.0352,58.1879,57.1093,57.4625,201910.79,0.0
2020-01-21,56.9852,57.0425,55.3912,55.458,276432.06,0.0
2020-01-22,54.9043,55.3243,53.4535,54.8662,411606.19,0.0
2020-01-23,53.5489,54.1598,52.4989,52.5944,596536.51,0.0
2020-02-03,47.335,50.1985,47.335,47.9077,705067.2,0.0
2020-02-04,48.0127,50.4181,48.0127,50.3894,404130.99,0.0
2020-02-05,50.5135,51.0385,50.0649,50.4658,348950.06,0.0
2020-02-06,50.4658,51.5062,49.979,51.344,393667.99,0.0
2020-02-07,51.0672,51.0958,49.8263,50.4276,344090.01,0.0
2020-02-10,49.9217,50.3799,49.3681,49.9217,346047.69,0.0
2020-02-11,50.7712,52.4894,50.399,52.1935,493882.33,0.0
2020-02-12,52.0885,52.8426,51.5635,52.3939,234337.71,0.0
2020-02-13,52.079,52.098,51.0672,51.3535,319306.59,0.0
2020-02-14,51.0672,51.5062,50.7617,51.2962,210043.87,0.0
2020-02-17,50.9144,51.9453,50.819,51.9262,325052.51,0.0
2020-02-18,51.9262,51.9262,50.8953,51.0958,332035.04,0.0
2020-02-19,50.9335,51.4203,50.7522,51.1053,237328.54,0.0
2020-02-20,51.2581,52.4799,50.8953,52.3653,370411.52,0.0
2020-02-21,52.0217,52.3271,51.5635,51.8117,297798.69,0.0
2020-02-24,52.8426,52.8521,51.974,52.413,407824.14,0.0
2020-02-25,51.5444,51.9835,51.3535,51.9549,315462.03,0.0
2020-02-26,51.2581,52.8044,50.7903,51.8308,387240.15,0.0
2020-02-27,51.8308,52.6898,51.7449,52.413,284934.63,0.0
2020-02-28,51.4299,51.7162,50.3894,50.6376,334057.13,0.0
2020-03-02,50.6376,52.2603,50.6376,51.869,318934.49,0.0
2020-03-03,52.0312,52.4989,51.5158,52.0217,264999.19,0.0
2020-03-04,51.5444,51.9644,51.1722,51.783,239084.27,0.0
2020-03-05,52.0694,54.2171,51.8785,53.9689,575718.38,0.0
2020-03-06,53.2817,53.7398,53.0144,53.2626,280243.24,0.0
2020-03-09,51.9262,51.993,51.3631,51.4394,356342.54,0.0
2020-03-10,51.4394,53.148,51.4394,52.8044,375631.81,0.0
2020-03-11,52.6135,52.8044,51.9835,51.993,192606.73,0.0
2020-03-12,51.4012,51.4203,50.4753,50.7522,344055.01,0.0
2020-03-13,48.5567,50.5517,47.7931,49.5399,452083.51,0.0
2020-03-16,49.8263,49.8931,47.7263,47.8218,396679.0,0.0
2020-03-17,47.3636,48.9672,46.3613,46.7718,477081.77,0.0
2020-03-18,47.44,49.5304,47.3254,47.44,586059.24,0.0
2020-03-19,48.0604,48.299,45.34,46.39,554868.56,0.0
2020-03-20,47.0104,47.4686,46.2945,46.8195,367066.99,0.0
2020-03-23,45.34,45.7982,44.1946,44.3855,477036.23,0.0
2020-03-24,45.1968,46.0559,44.7768,45.8077,419576.01,0.0
2020-03-25,47.249,47.879,46.6382,47.2395,390113.29,0.0
2020-03-26,47.1536,47.5068,46.6191,46.7718,232484.06,0.0
2020-03-27,47.7263,48.1558,47.1345,47.2013,260154.38,0.0
2020-03-30,46.5809,46.5809,45.34,45.9032,370522.28,0.0
2020-03-31,46.5427,47.1059,46.1418,46.2182,225252.99,0.0
2020-04-01,46.7241,47.0772,45.865,46.3709,234391.35,0.0
2020-04-02,45.9795,46.7718,45.6264,46.7336,235143.83,0.0
2020-04-03,46.5809,46.8291,46.0177,46.18,196382.19,0.0
2020-04-07,46.9722,47.1536,46.4854,46.7431,400485.98,0.0
2020-04-08,46.39,46.5141,45.8745,46.0463,244267.76,0.0
2020-04-09,46.3136,46.3422,45.9223,46.1036,171399.26,0.0
2020-04-10,46.1036,48.2608,45.8554,47.0391,412461.37,0.0
2020-04-13,47.335,48.2799,47.0581,47.6213,310765.33,0.0
2020-04-14,48.3658,48.3945,47.3445,48.1845,307941.69,0.0
2020-04-15,47.7263,48.9481,46.9627,47.9172,395915.36,0.0
2020-04-16,47.9172,47.9172,47.0295,47.2395,279294.19,0.0
2020-04-17,47.7263,48.0222,47.3445,47.8122,352498.69,0.0
2020-04-20,48.0031,48.6617,47.7359,48.4231,208857.41,0.0
2020-04-21,48.6713,48.6808,47.7263,47.9649,209712.64,0.0
2020-04-22,47.9172,49.1295,47.7168,49.0626,207637.13,0.0
2020-04-23,49.3395,50.0076,48.9767,49.6258,271165.94,0.0
2020-04-24,49.6735,49.9217,49.3586,49.6449,133415.57,0.0
2020-04-27,48.9386,49.8645,48.5377,49.1581,215234.78,0.0
2020-04-28,49.1581,49.5781,48.4422,49.4349,251835.37,0.0
2020-04-29,49.0626,50.3703,48.824,49.874,206235.16,0.0
2020-04-30,50.8762,51.6971,50.8762,51.3058,340323.48,0.0
2020-05-06,50.5899,51.7353,50.3035,51.7353,328565.35,0.0
2020-05-07,51.7258,51.974,51.3917,51.5444,213755.39,0.0
2020-05-08,52.0026,53.9116,51.764,53.7685,409621.01,0.0
2020-05-11,54.0166,55.8398,53.8544,54.3221,379597.71,0.0
2020-05-12,54.8853,55.7252,54.4366,55.3625,286033.67,0.0
2020-05-13,54.9807,55.3625,54.3221,55.1239,219385.51,0.0
2020-05-14,55.1239,55.6489,54.8948,55.3625,180020.02,0.0
2020-05-15,55.3625,55.458,54.2839,54.3603,233617.01,0.0
2020-05-18,54.8853,55.5534,54.0548,54.8757,261775.46,0.0
2020-05-19,55.7443,56.508,55.3625,56.088,278551.2,0.0
2020-05-20,55.8684,56.4125,55.8589,56.3457,190615.35,0.0
2020-05-21,56.842,56.9279,55.7062,56.0498,149134.72,0.0
2020-05-22,55.7825,55.8875,54.0357,54.5225,260861.94,0.0
2020-05-25,55.6489,55.7348,53.5871,54.2553,159445.17,0.0
2020-05-26,54.6944,55.6012,54.1885,55.3625,184307.86,0.0
2020-05-27,55.6012,56.6798,55.2575,55.6012,258065.22,0.0
2020-05-28,56.4793,56.6702,55.2003,55.5057,206030.63,0.0
2020-05-29,55.353,56.5557,55.353,56.3361,182549.41,0.0
2020-06-01,56.6034,57.7297,56.6034,57.6725,294802.94,0.0
2020-06-02,58.4865,58.4865,57.3983,57.5454,206805.47,0.0
2020-06-03,57.9865,58.2022,56.7709,57.1826,180929.04,0.0
2020-06-04,57.6924,58.7218,57.5552,57.6924,140257.68,0.0
2020-06-05,57.8297,58.0159,57.4473,57.7905,127259.49,0.0
2020-06-08,58.2316,60.3491,57.8689,58.9766,359439.83,0.0
2020-06-09,59.359,60.2217,59.0943,59.4668,240135.35,0.0
2020-06-10,59.8786,60.006,58.9963,59.1335,190148.45,0.0
2020-06-11,59.1629,59.4178,57.9375,58.4865,201377.19,0.0
2020-06-12,57.5454,58.8198,57.3493,58.8002,185190.09,0.0
2020-06-15,57.9277,58.261,56.8591,56.8591,320004.06,0.0
2020-06-16,57.5356,58.1336,57.4375,57.8395,183088.26,0.0
2020-06-17,57.6532,57.7218,56.516,56.7611,221283.1,0.0
2020-06-18,56.7121,56.8493,56.0357,56.7121,267224.86,0.0
2020-06-19,56.7121,58.8002,56.7121,58.5943,324280.05,0.0
2020-06-22,58.4277,58.7708,57.761,57.9277,219797.29,0.0
2020-06-23,57.7022,58.2904,57.3297,57.8395,181146.36,0.0
2020-06-24,58.0355,58.9963,57.9277,58.5257,200319.9,0.0
2020-06-29,58.5257,58.8198,57.5552,58.7708,261061.35,0.0
2020-06-30,58.8198,59.8001,58.3296,58.6139,261251.57,0.0
2020-07-01,58.5257,61.2608,57.761,61.2118,442609.78,0.0
2020-07-02,60.5942,62.1725,60.3981,61.7118,435261.54,0.0
2020-07-03,61.8588,62.6921,60.6138,61.1628,340798.25,0.0
2020-07-06,61.5745,63.7116,61.2804,62.7705,599258.05,0.0
2020-07-07,62.8784,66.2213,62.8391,63.1136,490390.47,0.0
2020-07-08,63.0352,64.0155,62.0157,62.7215,284820.31,0.0
2020-07-09,62.7411,63.7214,61.7608,63.7018,312280.61,0.0
2020-07-10,63.2313,63.2509,61.9569,62.1529,273296.73,0.0
2020-07-13,61.6824,62.8391,61.6039,62.0059,344678.67,0.0
2020-07-14,62.6039,62.6137,59.9864,60.6236,382959.85,0.0
2020-07-15,60.6726,62.7411,60.6334,61.7412,436949.16,0.0
2020-07-16,61.7608,63.2215,59.8884,59.9374,369588.87,0.0
2020-07-17,59.6041,63.1529,59.5256,62.6431,360876.27,0.0
2020-07-20,62.6431,66.3487,62.0353,66.0546,600693.59,0.0
2020-07-21,65.6821,66.584,64.7704,66.0252,328747.16,0.0
2020-07-22,65.486,66.6428,65.0057,66.0252,303897.52,0.0
2020-07-23,65.1919,69.0839,65.0547,68.8094,487159.45,0.0
2020-07-24,67.8094,68.7701,64.7018,65.1919,409255.87,0.0
2020-07-27,66.2801,66.4664,63.5254,65.8586,273029.25,0.0
2020-07-28,65.8586,67.1918,65.3096,65.7899,234102.96,0.0
2020-07-29,66.0252,70.5838,66.0252,70.221,460541.92,0.0
2020-07-30,70.1916,70.8779,68.8682,69.574,194807.56,0.0
2020-07-31,69.1917,72.2993,68.6917,70.3387,293575.48,0.0
2020-08-03,70.5838,73.2699,70.3975,71.0641,343309.69,0.0
2020-08-04,70.5838,70.8582,68.9466,70.6328,292271.41,0.0
2020-08-05,69.6034,70.9759,69.4074,69.9956,191117.58,0.0
2020-08-06,69.6034,70.3877,68.6623,69.2113,218734.67,0.0
2020-08-07,68.9956,69.7113,67.4957,69.1623,254144.14,0.0
2020-08-10,68.8192,70.9759,67.9369,70.5838,241054.82,0.0
2020-08-11,70.7308,72.0444,69.7799,69.8975,205680.61,0.0
2020-08-12,69.2701,70.2014,67.8094,68.2898,289738.31,0.0
2020-08-13,68.4368,69.6819,68.4074,68.6329,130645.16,0.0
2020-08-14,68.6231,70.6524,68.3584,70.623,161196.97,0.0
2020-08-17,70.9759,72.3484,69.9956,70.7112,245172.14,0.0
2020-08-18,70.721,71.3092,69.6622,70.3877,193014.61,0.0
2020-08-19,70.2897,70.8779,68.6231,68.7407,253273.1,0.0
2020-08-20,68.427,68.7113,67.2997,67.682,219076.44,0.0
2020-08-21,67.7898,68.5055,67.4957,68.0153,126456.05,0.0
2020-08-24,67.9369,69.0054,67.7996,68.9858,174279.38,0.0
2020-08-25,68.9662,69.0152,68.1721,68.6035,179318.23,0.0
2020-08-26,68.6035,69.9956,67.2997,67.9271,237702.09,0.0
2020-08-27,67.9369,68.476,65.7703,66.6526,342931.99,0.0
2020-08-28,66.0742,69.1329,65.7801,68.8976,323186.23,0.0
2020-08-31,69.6328,72.0444,69.1427,69.1525,258683.05,0.0
2020-09-01,69.1721,70.7994,69.1623,70.2897,205476.63,0.0
2020-09-02,70.5838,71.0641,68.9956,69.5348,183108.04,0.0
2020-09-03,69.6034,71.5445,69.3289,69.5348,325308.73,0.0
2020-09-04,68.1329,68.5055,66.8585,67.4369,359335.76,0.0
2020-09-07,66.7605,67.3193,65.1821,65.388,442226.48,0.0
2020-09-08,65.388,65.6821,64.3489,65.5645,263509.41,0.0
2020-09-09,64.7018,65.2704,63.4568,63.5842,284541.72,0.0
2020-09-10,64.2214,64.9076,63.6332,64.6037,210301.73,0.0
2020-09-11,64.2116,65.486,63.3097,64.8782,215126.72,0.0
2020-09-14,64.9763,66.9075,64.8978,66.6624,217392.69,0.0
2020-09-15,67.1722,69.378,67.1134,69.0348,290015.82,0.0
2020-09-16,68.9074,70.5641,67.8388,68.2898,291213.45,0.0
2020-09-17,68.427,69.6034,67.9467,69.2113,274434.79,0.0
2020-09-18,69.7211,69.9269,68.6623,68.8976,217514.79,0.0
2020-09-21,68.8682,69.7603,68.0447,68.6525,165610.25,0.0
2020-09-22,68.1329,69.1721,68.0937,68.5153,139967.29,0.0
2020-09-23,68.6329,69.9563,68.1133,69.672,171445.39,0.0
2020-09-24,69.1721,69.5544,68.2996,69.074,200757.66,0.0
2020-09-25,69.2603,70.3583,68.7015,68.9172,120815.13,0.0
2020-09-28,68.9172,70.0936,68.5839,69.5054,173937.25,0.0
2020-09-29,69.6034,71.4661,69.6034,71.0249,233913.59,0.0
2020-09-30,71.4661,72.1817,70.8582,71.172,221336.62,0.0
2020-10-09,71.6229,72.7013,71.5739,71.9464,251587.47,0.0
2020-10-12,71.172,72.5248,70.8779,72.5248,263256.24,0.0
2020-10-13,72.5248,74.4561,71.9954,74.3972,255774.66,0.0
2020-10-14,73.6228,74.9658,73.3287,73.7698,196133.67,0.0
2020-10-15,73.5542,75.4462,73.3091,74.6031,192110.37,0.0
2020-10-16,74.211,74.8776,73.2306,73.3287,145917.21,0.0
2020-10-19,73.3483,75.6325,73.0444,73.5247,177791.97,0.0
2020-10-20,73.0444,75.4658,73.0444,74.7992,154353.75,0.0
2020-10-21,74.3874,76.5148,74.3874,75.9756,213888.93,0.0
2020-10-22,75.7795,77.0147,74.7011,76.8579,156501.85,0.0
2020-10-23,76.2207,76.7108,73.6228,73.6326,181233.07,0.0
2020-10-26,73.5051,75.2893,72.1523,75.1521,165905.43,0.0
2020-10-27,74.6031,75.2795,73.9071,74.2208,156921.41,0.0
2020-10-28,74.2698,75.9756,74.1424,75.2011,187216.16,0.0
2020-10-29,74.5051,80.2792,74.309,79.5832,377793.75,0.0
2020-10-30,80.4361,80.8772,76.0246,76.3383,328416.62,0.0
2020-11-02,77.4559,83.328,77.4461,81.7595,522253.15,0.0
2020-11-03,81.7693,81.8085,79.3087,80.9262,351574.8,0.0
2020-11-04,80.9753,85.1711,80.5831,83.9751,389583.46,0.0
2020-11-05,84.3574,86.7592,83.3673,84.4162,356239.98,0.0
2020-11-06,84.4358,89.5041,83.4555,88.3669,468036.13,0.0
2020-11-09,88.6806,92.602,87.6709,88.9355,470786.02,0.0
2020-11-10,87.9356,87.9552,84.8083,87.8964,352383.45,0.0
2020-11-11,86.4651,88.0042,84.975,86.3671,341980.27,0.0
2020-11-12,88.7199,89.0042,86.4945,88.8179,282238.43,0.0
2020-11-13,88.5238,88.7787,87.0435,88.7395,216051.66,0.0
2020-11-16,89.7002,89.9943,85.3475,87.6023,372724.31,0.0
2020-11-17,88.0336,89.7002,87.6121,88.1513,289689.07,0.0
2020-11-18,88.2689,89.7492,86.4161,87.5337,229526.87,0.0
2020-11-19,88.2297,93.4451,87.7493,92.151,413155.78,0.0
2020-11-20,92.2785,92.9255,89.661,89.7884,461606.47,0.0
2020-11-23,88.7199,91.8373,87.6611,91.6314,456913.9,0.0
2020-11-24,91.5824,91.6118,87.2592,88.8669,399668.66,0.0
2020-11-25,88.8669,89.5924,87.1023,87.7984,291595.18,0.0
2020-11-26,87.2494,87.7984,84.3182,85.3083,475095.82,0.0
2020-11-27,85.7397,87.1121,84.8378,86.073,230373.3,0.0
2020-11-30,85.5926,86.7592,84.5633,85.1417,299269.09,0.0
2020-12-01,84.5535,86.269,84.5535,86.1906,236924.98,0.0
2020-12-02,87.2494,88.8081,86.7984,88.1415,366071.95,0.0
2020-12-03,88.0238,88.3081,86.4749,87.8376,255520.24,0.0
2020-12-04,87.0729,87.3082,85.4554,86.622,327226.23,0.0
2020-12-07,87.1317,87.2494,85.7985,86.3279,202284.96,0.0
2020-12-08,85.7985,86.3965,83.7692,84.9946,366900.24,0.0
2020-12-09,84.3182,84.9162,81.8576,81.9164,461125.71,0.0
2020-12-10,81.8576,83.7692,81.8576,83.4261,253001.25,0.0
2020-12-11,84.2103,84.2103,81.7693,82.3477,225061.39,0.0
2020-12-14,84.1907,84.3084,81.6909,82.7791,262470.11,0.0
2020-12-15,83.2496,84.7005,81.7595,84.0437,328120.14,0.0
2020-12-16,84.4162,87.318,84.2398,86.3671,413021.46,0.0
2020-12-17,86.9553,88.9944,86.7102,87.9062,316460.76,0.0
2020-12-18,87.3572,88.2199,86.5827,87.5435,274777.17,0.0
2020-12-21,87.9552,87.9552,85.3279,87.0631,283689.34,0.0
2020-12-22,86.5925,88.9944,85.7004,87.9846,310714.53,0.0
2020-12-23,88.2101,91.6609,87.7689,90.1904,390546.6,0.0
2020-12-24,90.1904,91.0628,88.7689,91.0628,197783.11,0.0
2020-12-25,90.8472,92.3667,89.7002,91.7393,217071.94,0.0
2020-12-28,91.6412,95.4351,91.5726,93.9156,394785.73,0.0
2020-12-29,93.8764,93.9058,91.9157,93.3176,216552.2,0.0
2020-12-30,93.6215,94.6999,92.3569,94.0921,231644.06,0.0
2020-12-31,94.1117,97.0331,94.0921,96.5037,268671.76,0.0
2021-01-04,96.9546,99.9446,96.1017,97.0625,338826.8,0.0
2021-01-05,96.141,99.9348,95.092,99.5427,351148.01,0.0
2021-01-06,100.974,102.7386,97.6899,98.9741,360203.38,0.0
2021-01-07,99.9937,103.5915,99.2094,102.7582,451400.52,0.0
2021-01-08,101.9543,102.6405,99.2584,100.9838,330690.48,0.0
2021-01-11,101.1701,102.2778,98.033,99.0133,341891.87,0.0
2021-01-12,98.3369,102.2288,98.3369,102.0523,355295.86,0.0
2021-01-13,102.9346,103.6307,100.0329,101.3073,343487.39,0.0
2021-01-14,101.5622,102.3366,97.435,97.6409,373815.28,0.0
2021-01-15,97.0821,98.1997,94.8763,97.7291,357438.23,0.0
2021-01-18,97.435,98.3075,95.592,97.1703,286771.8,0.0
2021-01-19,97.7291,98.1408,92.6216,92.9843,423078.07,0.0
2021-01-20,94.1117,96.19,93.6215,94.3862,322023.27,0.0
2021-01-21,95.3273,99.0133,95.0822,98.131,409301.71,0.0
2021-01-22,98.033,99.5329,96.1606,98.5918,307755.82,0.0
2021-01-25,99.0133,100.8465,96.7586,99.974,377359.92,0.0
2021-01-26,99.0133,99.0133,95.19,96.0135,407670.26,0.0
2021-01-27,95.1802,97.8761,94.4842,96.0233,283268.51,0.0
2021-01-28,94.6312,95.0822,92.6412,93.2882,310572.14,0.0
2021-01-29,93.4745,95.8665,91.8373,94.4352,372465.08,0.0
2021-02-01,94.4352,96.5723,92.798,96.2684,286062.71,0.0
2021-02-02,95.4841,98.2291,95.4841,96.6409,315443.55,0.0
2021-02-03,97.5428,98.4251,94.3077,95.7194,323955.36,0.0
2021-02-04,94.396,95.6704,93.3568,94.5038,364864.02,0.0
2021-02-05,95.0724,96.4351,93.1313,95.3371,372623.93,0.0
2021-02-08,95.3469,95.5822,92.5431,94.7587,377435.63,0.0
2021-02-09,95.6704,99.8956,94.9842,99.8956,537122.47,0.0
2021-02-10,100.8956,105.8756,99.5035,105.0031,536799.07,0.0
2021-02-18,105.0129,105.2482,95.092,96.3664,940429.08,0.0
2021-02-19,93.1411,96.3958,93.1411,96.0625,693877.09,0.0
2021-02-22,95.3665,95.3665,88.6022,88.661,903986.09,0.0
2021-02-23,87.2984,90.1904,87.0827,89.1512,604755.31,0.0
2021-02-24,94.2097,96.6605,91.2883,93.151,1003546.33,0.0
2021-02-25,93.0333,93.9058,90.2884,92.0922,416370.2,0.0
2021-02-26,90.1904,92.6314,89.2296,91.2491,601123.03,0.0
2021-03-01,91.5628,93.4254,90.0237,91.4942,370844.02,0.0
2021-03-02,93.0039,93.9548,90.8766,91.6805,473398.22,0.0
2021-03-03,90.906,91.8765,89.7002,91.651,330591.87,0.0
2021-03-04,90.406,90.7589,87.6807,88.1317,446348.2,0.0
2021-03-05,85.8475,88.4944,84.3378,87.7395,409487.09,0.0
2021-03-08,86.7592,87.9454,83.7594,83.8182,488293.4,0.0
2021-03-09,82.9849,83.23,80.093,80.3773,568963.33,0.0
2021-03-10,82.3477,82.9947,80.4361,82.0144,473167.65,0.0
2021-03-11,82.9163,84.7985,81.8576,84.2594,408116.44,0.0
2021-03-12,84.279,86.2984,83.5339,84.2692,323645.32,0.0
2021-03-15,83.1418,83.1712,79.4067,80.6812,490513.85,0.0
2021-03-16,80.789,81.3968,79.9459,80.9556,349261.15,0.0
2021-03-17,80.3969,82.6222,79.7596,82.4163,370952.28,0.0
2021-03-18,83.3084,85.2887,83.132,85.0044,347035.88,0.0
2021-03-19,83.328,84.8966,82.73,83.6319,305291.85,0.0
2021-03-22,83.3182,83.8476,80.6812,81.7399,314092.85,0.0
2021-03-23,81.7399,81.7987,79.4753,79.8675,369695.97,0.0
2021-03-24,79.8969,80.8576,79.6616,80.0734,235367.58,0.0
2021-03-25,79.4753,79.8969,77.7402,79.093,247524.83,0.0
2021-03-26,79.5048,80.8772,78.3872,80.3969,310830.2,0.0
2021-03-29,80.3478,80.8478,79.4067,79.8675,294535.24,0.0
2021-03-30,80.2498,81.8477,79.5146,80.8478,351971.52,0.0
2021-03-31,81.1713,81.3478,79.6518,80.6125,273525.08,0.0
2021-04-01,80.3871,84.1907,80.191,83.7496,352045.12,0.0
2021-04-02,83.8182,86.7592,83.23,85.3965,291525.38,0.0
2021-04-06,85.4456,85.9749,82.3477,82.7202,257668.4,0.0
2021-04-07,82.7202,82.8281,80.2694,81.0929,299774.66,0.0
2021-04-08,80.887,81.289,80.338,81.0537,182114.06,0.0
2021-04-09,81.3478,81.3478,78.6617,78.8675,322385.56,0.0
2021-04-12,78.7205,79.6616,77.4461,77.7402,252774.87,0.0
2021-04-13,77.397,78.2499,76.5834,77.1422,213628.28,0.0
2021-04-14,77.4167,79.044,77.3382,78.5538,210692.29,0.0
2021-04-15,78.5538,79.4067,77.4069,78.7009,174452.81,0.0
2021-04-16,78.7205,79.0146,77.348,78.3284,153478.18,0.0
2021-04-19,78.4264,80.4949,77.4461,80.0635,267593.56,0.0
2021-04-20,79.4852,79.8969,78.4558,79.3871,231533.86,0.0
2021-04-21,78.4264,78.9166,77.9362,78.0343,251906.06,0.0
2021-04-22,78.0539,78.7107,77.4559,78.6715,230968.78,0.0
2021-04-23,78.8381,82.3477,78.6813,82.2105,451415.58,0.0
2021-04-26,82.583,83.328,78.3382,78.4558,418029.19,0.0
2021-04-27,78.397,80.0243,77.6421,79.1322,190000.53,0.0
2021-04-28,79.4067,80.093,78.5048,79.9459,179025.75,0.0
2021-04-29,80.4459,82.5928,80.2596,81.7889,298159.63,0.0
2021-04-30,83.0339,83.0339,78.2303,78.5931,582377.0,0.0
2021-05-06,76.7696,78.2009,75.9658,76.0344,491159.46,0.0
2021-05-07,75.8775,76.0246,73.5247,73.6032,437295.14,0.0
2021-05-10,74.3384,77.6421,74.3384,76.4657,549439.86,0.0
2021-05-11,75.6423,77.4461,75.0835,76.799,273334.64,0.0
2021-05-12,77.348,77.348,74.9462,75.7501,273410.35,0.0
2021-05-13,74.6227,74.9952,73.5247,73.6718,329507.62,0.0
2021-05-14,73.8188,75.0639,72.1719,74.9364,304811.13,0.0
2021-05-17,75.4854,77.7892,75.3678,76.8579,418092.3,0.0
2021-05-18,78.2303,78.4264,75.6815,76.3089,268555.15,0.0
2021-05-19,75.5344,76.2305,74.9952,75.8089,225052.69,0.0
2021-05-20,77.4461,79.2695,76.0442,79.1126,735330.93,0.0
2021-05-21,79.5048,81.4654,79.2793,79.9459,502224.28,0.0
2021-05-24,81.0047,81.3674,79.3577,80.5831,360149.44,0.0
2021-05-25,81.338,82.5438,80.7204,81.6419,417467.44,0.0
2021-05-26,82.2497,83.3182,80.8282,82.6712,360381.91,0.0
2021-05-27,83.3182,83.3575,81.7889,82.2497,296156.6,0.0
2021-05-28,81.6419,81.6517,80.3871,80.9066,387415.14,0.0
2021-05-31,81.0733,81.0733,78.1715,79.4067,523951.01,0.0
2021-06-01,79.3185,79.3185,77.7598,78.5931,473370.82,0.0
2021-06-02,79.4,79.5,78.5,79.5,342846.54,0.0
2021-06-03,79.5,79.84,77.48,77.93,416690.46,0.0
2021-06-04,77.41,78.5,76.53,77.73,283066.03,0.0
2021-06-07,77.75,77.77,76.15,76.78,277274.99,0.0
2021-06-08,76.9,77.3,75.63,76.02,320893.44,0.0
2021-06-09,76.27,76.62,75.2,75.59,251380.05,0.0
2021-06-10,75.7,75.94,74.9,75.4,320755.63,0.0
2021-06-11,75.4,75.6,73.51,74.0,465213.67,0.0
2021-06-15,73.87,74.5,72.0,73.24,445900.3,0.0
2021-06-16,73.9,75.26,73.2,75.0,449701.85,0.0
2021-06-17,75.2,75.33,73.3,73.46,299292.38,0.0
2021-06-18,73.33,74.21,72.16,73.8,388178.63,0.0
2021-06-21,73.82,73.83,71.17,72.0,477386.43,0.0
2021-06-22,71.9,72.88,70.88,71.28,410341.69,0.0
2021-06-23,71.21,73.29,70.7,73.17,434043.58,0.0
2021-06-24,74.5,74.5,72.71,73.2,287028.16,0.0
2021-06-25,73.57,73.78,72.58,73.17,412552.01,0.0
2021-06-28,73.18,73.9,72.5,73.21,306845.68,0.0
2021-06-29,73.78,73.8,71.24,71.46,349799.11,0.0
2021-06-30,71.1,71.9,70.85,71.37,284444.13,0.0
2021-07-01,71.3,73.39,70.56,73.24,446417.83,0.0
2021-07-02,72.63,72.75,70.66,71.1,403184.36,0.0
2021-07-05,70.28,70.37,66.78,68.2,780811.02,0.0
2021-07-06,67.66,69.35,66.81,68.61,410636.62,0.0
2021-07-07,68.95,71.95,68.61,70.39,559597.61,0.0
2021-07-08,70.0,70.79,68.86,70.0,359770.37,0.0
2021-07-09,69.55,70.58,68.71,69.2,290798.3,0.0
2021-07-12,69.64,71.5,68.92,70.7,404955.49,0.0
2021-07-13,70.78,73.33,70.58,72.8,474532.41,0.0
2021-07-14,72.45,72.8,71.56,72.0,334055.15,0.0
2021-07-15,72.0,72.35,70.61,71.17,319702.43,0.0
2021-07-16,71.3,71.3,68.8,69.7,456910.25,0.0
2021-07-19,69.79,70.3,68.6,70.14,305611.68,0.0
2021-07-20,69.66,70.22,69.01,69.61,230947.8,0.0
2021-07-21,69.72,69.92,67.81,67.99,515186.57,0.0
2021-07-22,67.99,69.89,66.98,68.3,428837.59,0.0
2021-07-23,68.3,68.88,66.51,66.96,424513.36,0.0
2021-07-26,65.58,66.07,63.87,64.68,570128.81,0.0
2021-07-27,64.67,64.98,61.4,61.4,618698.75,0.0
2021-07-28,61.4,63.8,61.11,63.28,477829.07,0.0
2021-07-29,64.5,64.5,62.63,63.3,392712.65,0.0
2021-07-30,63.09,64.08,61.96,63.51,419778.74,0.0
2021-08-02,63.5,66.66,62.58,66.08,544452.6,0.0
2021-08-03,65.5,72.26,65.18,70.92,899927.68,0.0
2021-08-04,70.4,71.68,69.73,69.99,426362.29,0.0
2021-08-05,69.45,71.61,69.09,69.9,453382.68,0.0
2021-08-06,70.0,71.05,68.05,70.35,344817.66,0.0
2021-08-09,69.6,73.5,69.37,72.47,513619.21,0.0
2021-08-10,72.1,72.85,70.83,72.85,323715.45,0.0
2021-08-11,72.34,73.55,71.87,71.93,285607.14,0.0
2021-08-12,71.5,72.47,70.6,70.92,305392.65,0.0
2021-08-13,70.92,71.98,69.8,71.61,303013.04,0.0
2021-08-16,71.61,75.45,71.45,74.99,663055.82,0.0
2021-08-17,74.98,75.5,73.11,73.4,414103.11,0.0
2021-08-18,73.39,75.0,72.7,74.5,326173.17,0.0
2021-08-19,74.96,75.28,71.87,71.94,328662.21,0.0
2021-08-20,70.99,72.49,69.79,72.0,301298.22,0.0
2021-08-23,71.7,72.55,70.13,70.61,242164.01,0.0
2021-08-24,70.2,71.15,68.18,70.5,387440.22,0.0
2021-08-25,70.1,70.7,69.0,69.15,253518.79,0.0
2021-08-26,69.14,69.65,67.51,67.93,305609.14,0.0
2021-08-27,67.93,68.98,67.38,67.8,245560.8,0.0
2021-08-30,67.95,68.11,65.31,65.98,453444.2,0.0
2021-08-31,65.9,67.89,65.26,66.0,319641.02,0.0
2021-09-01,66.51,69.85,65.18,69.15,541204.72,0.0
2021-09-02,69.58,69.58,67.85,69.19,427612.83,0.0
2021-09-03,68.97,70.13,68.2,70.04,286807.84,0.0
2021-09-06,70.12,73.24,70.11,72.12,396106.16,0.0
2021-09-07,72.7,73.93,71.81,73.02,389370.22,0.0
2021-09-08,73.0,73.65,72.21,72.72,266823.59,0.0
2021-09-09,72.72,73.35,71.23,72.02,223508.46,0.0
2021-09-10,72.02,73.0,71.1,72.4,210795.81,0.0
2021-09-13,72.32,72.69,70.73,70.98,212937.72,0.0
2021-09-14,71.0,71.4,68.21,68.43,307033.35,0.0
2021-09-15,68.01,68.42,65.8,66.52,396306.58,0.0
2021-09-16,66.52,67.18,65.8,65.95,294662.22,0.0
2021-09-17,66.36,68.28,66.09,68.26,260977.37,0.0
2021-09-22,67.0,67.3,65.88,66.08,239677.87,0.0
2021-09-23,66.76,67.1,66.0,66.79,199430.38,0.0
2021-09-24,66.5,68.2,66.09,67.2,273724.09,0.0
2021-09-27,67.19,70.39,66.77,68.7,332664.6,0.0
2021-09-28,68.07,70.5,67.31,70.27,347514.38,0.0
2021-09-29,69.95,70.9,69.28,70.27,295308.2,0.0
2021-09-30,70.27,71.13,69.5,69.6,218791.16,0.0
2021-10-08,70.2,72.58,69.75,72.5,416133.73,0.0
2021-10-11,72.7,73.1,71.08,71.08,234492.47,0.0
2021-10-12,71.11,72.58,70.08,71.62,215990.19,0.0
2021-10-13,72.0,72.22,70.25,71.0,160558.9,0.0
2021-10-14,71.03,71.62,69.65,70.13,162333.58,0.0
2021-10-15,71.0,71.78,70.36,71.0,204251.07,0.0
2021-10-18,71.0,71.0,69.0,69.62,219018.73,0.0
2021-10-19,69.31,70.46,69.05,69.88,181044.97,0.0
2021-10-20,70.0,70.5,68.02,68.07,302766.09,0.0
2021-10-21,68.28,69.79,68.04,69.68,205973.02,0.0
2021-10-22,69.97,75.0,69.95,74.5,819479.36,0.0
2021-10-25,73.99,74.3,71.6,72.4,430581.06,0.0
2021-10-26,71.75,71.98,70.02,70.02,396448.1,0.0
2021-10-27,69.06,69.45,67.0,67.0,678497.0,0.0
2021-10-28,66.5,68.35,66.04,68.12,277978.6,0.0
2021-10-29,67.43,69.5,67.3,68.77,282021.16,0.0
2021-11-01,71.27,73.92,70.65,72.81,748110.69,0.0
2021-11-02,72.81,73.39,70.38,70.81,339795.98,0.0
2021-11-03,70.03,71.5,69.32,69.32,221362.9,0.0
2021-11-04,70.0,71.24,69.49,70.72,236740.66,0.0
2021-11-05,70.31,71.81,69.79,70.75,186306.32,0.0
2021-11-08,70.63,70.96,69.8,70.44,149609.96,0.0
2021-11-09,70.35,70.35,68.37,69.0,227670.37,0.0
2021-11-10,68.69,69.8,68.02,69.58,237357.91,0.0
2021-11-11,69.19,72.36,68.9,72.04,363320.28,0.0
2021-11-12,71.88,73.88,71.6,72.17,266143.92,0.0
2021-11-15,72.0,73.0,71.5,72.48,214973.17,0.0
2021-11-16,73.0,73.5,72.39,72.73,211401.9,0.0
2021-11-17,72.25,73.2,71.52,72.11,143903.3,0.0
2021-11-18,71.83,71.84,69.98,70.22,194134.31,0.0
2021-11-19,70.22,70.5,69.31,70.0,251029.95,0.0
2021-11-22,69.73,70.28,69.5,69.95,229662.39,0.0
2021-11-23,69.94,69.94,69.02,69.47,224157.18,0.0
2021-11-24,70.15,70.37,69.02,70.15,252709.93,0.0
2021-11-25,70.0,70.0,69.08,69.14,181103.45,0.0
2021-11-26,69.0,69.45,68.58,68.81,140483.78,0.0
2021-11-29,67.99,68.58,67.72,68.17,200021.0,0.0
2021-11-30,67.86,69.15,67.67,67.78,195436.71,0.0
2021-12-01,67.67,68.2,67.2,68.16,180101.01,0.0
2021-12-02,67.38,67.97,67.11,67.74,172928.4,0.0
2021-12-03,67.71,67.71,66.68,67.16,217091.79,0.0
2021-12-06,67.16,68.78,67.11,68.57,281560.18,0.0
2021-12-07,69.1,70.4,69.1,70.23,459961.0,0.0
2021-12-08,70.39,70.45,69.0,69.99,244486.18,0.0
2021-12-09,71.5,72.75,70.88,72.22,587205.74,0.0
2021-12-10,71.66,72.4,70.7,71.9,297742.71,0.0
2021-12-13,72.75,75.27,72.52,72.95,543929.76,0.0
2021-12-14,72.25,72.48,71.05,71.05,253301.23,0.0
2021-12-15,70.99,71.41,70.18,70.35,165669.27,0.0
2021-12-16,70.45,70.88,69.82,70.4,153603.53,0.0
2021-12-17,70.09,70.26,68.7,68.7,204678.41,0.0
2021-12-20,68.88,70.34,68.81,69.62,206579.79,0.0
2021-12-21,69.61,72.13,69.5,71.65,317596.6,0.0
2021-12-22,71.45,71.9,70.03,71.53,224831.08,0.0
2021-12-23,71.09,72.87,71.0,71.87,196541.81,0.0
2021-12-24,71.33,72.25,70.83,72.16,163774.82,0.0
2021-12-27,72.2,74.0,71.9,73.05,275623.36,0.0
2021-12-28,73.05,75.46,73.05,75.18,512720.47,0.0
2021-12-29,75.0,75.55,73.75,74.01,215842.58,0.0
2021-12-30,74.0,74.5,73.18,73.96,218290.08,0.0
